Unnamed: 0,Unnamed: 0.1,Unnamed: 0.1.1,Unnamed: 0.1.1.1,name,email_domain,affiliation,citedby,homepage,scholar_id,citedby5y,hindex,hindex5y,i10index,i10index5y,total_pub,scholar_index,interests,timestamp,schorlar_index,record_id,method,summary_training_start_x,summary_training_start_y,summary_training_start,full_name
0.0,0.0,0.0,0.0,Natalie (Nat) Benda,@cumc.columbia.edu,Columbia University,1190,,5hEeLhsAAAAJ,1055,13,13,19,19,71,,"Human Factors, Health equity, Health information technology, Health literacy, ",2023/12/21 19:58,2,20,single,2022-07-25,2022-07-25,2022-07-25,Natalie (Nat) Benda
1.0,1.0,1.0,0.0,Laura A. McGuinn,@bsd.uchicago.edu,"Assistant Professor, University of Chicago",711,,fQIg1J8AAAAJ,600,14,13,16,15,42,,,2023/12/21 19:58,4,28,single,2022-07-25,2022-07-25,2022-07-25,Laura A. McGuinn
2.0,2.0,2.0,0.0,Deepti Chittamuru,,Postodoctoral Research Fellow,996,,66q0QoEAAAAJ,609,10,10,10,10,42,,"m-Health, e-Health, Mobile Phone Based Health, Public Health, Behavioral Health, ",2023/12/21 19:58,5,38,single,2021-07-26,2021-07-26,2021-07-26,Deepti Chittamuru
3.0,3.0,3.0,0.0,Rebecca Krukowski,@virginia.edu,University of Virginia,4814,https://med.virginia.edu/phs/2021/12/21/krukowski-rebecca/,wzFzS2AAAAAJ,2649,34,25,69,56,185,,"self-monitoring, behavioral weight management, technology-based interventions, women's health, ",2023/12/21 19:58,7,46,single,2021-07-26,2021-07-26,2021-07-26,Rebecca Krukowski
4.0,4.0,4.0,0.0,Lindsey Potter,@psu.edu,"Doctoral Candidate, Penn State University",327,,mCSWl3sAAAAJ,309,9,9,9,9,25,,"self-reported discrimination, stigma, EMA, stress, LGBT, ",2023/12/21 19:58,9,51,single,2021-07-26,2021-07-26,2021-07-26,Lindsey Potter
5.0,5.0,6.0,0.0,Szymon Fedor,@mit.edu,"Research Scientist, University of Cambridge, MIT Media Lab",2353,http://szymonfedor.eu/,ndv95w0AAAAJ,1883,19,15,28,20,59,,"Internet of Things, Machine Learning, Biomedical Engineering, ",2023/12/21 20:00,28,101,single,2018-07-30,2018-07-30,2018-07-30,Szymon Fedor
6.0,6.0,7.0,0.0,Bashir I. Morshed,@ttu.edu,"Associate Professor, Computer Science, Texas Tech University",1704,,cffXbcgAAAAJ,1361,19,18,45,38,159,,"Wearables, AI, Flexible electronics, Cyber physical systems, ",2023/12/21 20:00,33,113,single,2018-07-30,2018-07-30,2018-07-30,Bashir I. Morshed
7.0,7.0,8.0,0.0,"Andrea N. Niles, Ph.D.",@prosperamhw.com,Prospera,2221,http://prosperamhw.com/,c9vm4fcAAAAJ,1804,24,22,36,34,54,,"Mental Health, ",2023/12/21 20:00,34,114,single,2018-07-30,2018-07-30,2018-07-30,"Andrea N. Niles, Ph.D."
8.0,8.0,9.0,0.0,Chad Stecher,@asu.edu,Arizona State University,549,http://www.chadstecher.com/,1OIle4UAAAAJ,489,11,11,14,14,55,,"Health Economics, Behavioral Economics, ",2023/12/21 20:00,36,120,single,2018-07-30,2018-07-30,2018-07-30,Chad Stecher
9.0,9.0,10.0,0.0,John A. Batsis,@unc.edu,University of North Carolina at Chapel Hill,10391,,lKoyVvYAAAAJ,7152,47,38,131,118,334,,"Obesity, Aging, Technology, Sarcopenia, ",2023/12/21 20:00,37,127,single,2017-08-06,2017-08-06,2017-08-06,John A. Batsis
10.0,10.0,11.0,0.0,"Sarah Iribarren, PhD, RN",@columbia.edu,Columbia University,2098,http://columbia.edu/sarahiribarren,6letWycAAAAJ,1846,21,20,32,31,71,,"mHealth, patient support, nursing, global health, ",2023/12/21 20:00,38,130,single,2017-08-06,2017-08-06,2017-08-06,"Sarah Iribarren, PhD, RN"
11.0,11.0,12.0,0.0,Biren Kamdar,@ucsd.edu,"Division of Pulmonary, Critical Care and Sleep Medicine, UC San Diego Health",3376,http://twitter.com/birenkamdar,tQ7fWVMAAAAJ,2405,23,21,34,32,65,,"ICU Delirium, Sleep in the ICU, Post-Intensive Care Syndrome, Quality Improvement, Implementation Science, ",2023/12/21 20:00,39,132,single,2017-08-06,2017-08-06,2017-08-06,Biren Kamdar
12.0,12.0,13.0,0.0,NAM HYEONG KIM,@skku.edu,SKKU Advanced Institute of Nanotechnology (SAINT),224,http://yhproteinlab.com/,jheUmHEAAAAJ,207,6,6,6,6,20,,"biophysics, ",2023/12/21 20:01,40,133,single,2017-08-06,2017-08-06,2017-08-06,NAM HYEONG KIM
13.0,13.0,14.0,0.0,"Mitchell R. Lunn, MD, MAS, FASN, FACP",@stanford.edu,"Associate Professor, Stanford University School of Medicine",5088,https://profiles.stanford.edu/lunn,PosYR9kAAAAJ,3680,30,27,55,49,114,,"LGBTQ health, mhealth, digital health, medical education, nephrology, ",2023/12/21 20:01,42,137,single,2017-08-06,2017-08-06,2017-08-06,"Mitchell R. Lunn, MD, MAS, FASN, FACP"
14.0,14.0,15.0,0.0,Shaun R. Patel,@bu.edu,BUSM/MGH,741,http://shaunpatel.com/,9AYAiggAAAAJ,378,8,8,8,8,16,,"Neuroscience, ",2023/12/21 20:01,45,142,single,2017-08-06,2017-08-06,2017-08-06,Shaun R. Patel
15.0,15.0,16.0,0.0,Akane Sano,@rice.edu,Rice University; ECE; CS; BIOE; Computational Wellbeing Group,5931,https://akanesano.blogs.rice.edu/,cNLW5O4AAAAJ,4587,39,34,81,68,235,,"Digital Health, Machine learning, Affective Computing, Ubiquitous Computing, Biomedical Health Informatics, ",2023/12/21 20:01,46,145,single,2017-08-06,2017-08-06,2017-08-06,Akane Sano
16.0,16.0,17.0,0.0,Monica Swahn,@kennesaw.edu,"Professor of Health Promotion and Physical Education, Kennesaw State University",8113,,ljzeIQIAAAAJ,3671,48,34,110,92,237,,"Alcohol & Harm, Violence, HIV, Low Resource Settings, ",2023/12/21 20:01,48,147,single,2017-08-06,2017-08-06,2017-08-06,Monica Swahn
17.0,17.0,18.0,0.0,Soujanya Chatterjee,@memphis.edu,Ph.D. in Computer Science,269,,5gzGgR4AAAAJ,236,7,7,7,7,16,,"AI for Health, Machine Learning, Data Mining, Health sensing, ",2023/12/21 20:01,50,154,single,2017-08-06,2017-08-06,2017-08-06,Soujanya Chatterjee
18.0,18.0,19.0,0.0,Nazir Saleheen,@meta.com,"ML Engineer, Meta",427,,__Un-_q0RyEC,364,12,10,13,11,20,,"Machine Learning, AI, ",2023/12/21 20:02,51,156,single,2017-08-06,2017-08-06,2017-08-06,Nazir Saleheen
19.0,19.0,20.0,0.0,Jason Clague,,Princeton University,244,https://www.techyukti.com/,OOHGk_EAAAAJ,199,6,5,6,5,12,,,2023/12/21 20:02,55,162,single,2016-08-08,2016-08-08,2016-08-08,Jason Clague
20.0,20.0,21.0,0.0,Eliza L Congdon,@williams.edu,Williams College,937,,JtRwwJcAAAAJ,709,10,10,10,10,23,,"Cognitive Development, Gesture, Mathematics, Neuroscience, ",2023/12/21 20:02,56,163,single,2016-08-08,2016-08-08,2016-08-08,Eliza L Congdon
21.0,21.0,22.0,0.0,Aqueasha Martin-Hammond,@iupui.edu,"Associate Professor, Indiana University - Indianapolis",582,http://www.aqueashamarie.com/,ldnCWNQAAAAJ,480,15,12,17,14,47,,"Human-Computer Interaction, Aging, Health Informatics, ",2023/12/21 20:02,58,168,single,2016-08-08,2016-08-08,2016-08-08,Aqueasha Martin-Hammond
22.0,22.0,23.0,0.0,Megan McVay,@ufl.edu,University of Florida,1383,,zMMStd4AAAAJ,965,21,17,34,26,92,,"Weight Management, ",2023/12/21 20:02,62,175,single,2016-08-08,2016-08-08,2016-08-08,Megan McVay
23.0,23.0,24.0,0.0,Nima Nikzad,@ucla.edu,Experian DataLabs,560,,bSlYI1cAAAAJ,353,13,11,14,11,27,,,2023/12/21 20:02,64,179,single,2016-08-08,2016-08-08,2016-08-08,Nima Nikzad
24.0,24.0,25.0,0.0,Mashfiqui Rabbi,@apple.com,Optum Labs,3234,https://mashfiqui-rabbi.github.io/,TjQI6gIAAAAJ,1872,21,19,26,24,39,,"Adaptive intervention, mHealth, Mobile Sensing, ",2023/12/21 20:03,66,181,single,2016-08-08,2016-08-08,2016-08-08,Mashfiqui Rabbi
25.0,25.0,26.0,0.0,H. Jonathon Rendina,@gwu.edu,"Associate Research Professor, Milken Institute School of Public Health, George Washington University",5843,http://whitmanwalkerimpact.org/,C9_w9yAAAAAJ,4840,41,36,96,93,224,,"HIV, intersectional stigma, sexual and gender minorities, ",2023/12/21 20:03,68,183,single,2016-08-08,2016-08-08,2016-08-08,H. Jonathon Rendina
26.0,26.0,27.0,0.0,Ambuj Tewari | अम्बुज तिवारी,@umich.edu,"Professor, Statistics and EECS, University of Michigan",12918,https://www.ambujtewari.com/,ttbl4FsAAAAJ,9348,54,48,121,112,222,,"Machine Learning, Statistics, Data Science, Sequential Decision Making, Optimization, ",2023/12/21 20:03,69,187,single,2016-08-08,2016-08-08,2016-08-08,Ambuj Tewari | अम्बुज तिवारी
27.0,27.0,28.0,0.0,Ponrathi Athilingam,@usf.edu,Associate Professor,1084,,Fy4OcYkAAAAJ,821,18,16,24,24,56,,"Technology-based intervention, heart failure, self-care, ",2023/12/21 20:03,73,192,single,2015-08-08,2015-08-08,2015-08-08,Ponrathi Athilingam
28.0,28.0,29.0,0.0,Alicia Bargar,@graphika.com,Graphika,72,,9z9PEYgAAAAJ,59,3,3,2,2,7,,,2023/12/21 20:03,74,193,single,2015-08-08,2015-08-08,2015-08-08,Alicia Bargar
29.0,29.0,30.0,0.0,Audrey Boruvka,@roche.com,Roche,823,,6s2MzC8AAAAJ,735,7,7,7,7,10,,,2023/12/21 20:03,75,195,single,2015-08-08,2015-08-08,2015-08-08,Audrey Boruvka
30.0,30.0,31.0,0.0,Ngai Ting Chan,@dfci.harvard.edu,"Postdoc Fellow, Dana-Farber Cancer Institute",202,,XpIS7T0AAAAJ,202,3,3,1,1,6,,"Chromatin and epigenetics, ",2023/12/21 20:04,79,199,single,2015-08-08,2015-08-08,2015-08-08,Ngai Ting Chan
31.0,31.0,32.0,0.0,Jiaqi Gong,@ua.edu,Associate Professor at the University of Alabama,996,https://sail.ua.edu/,FbwuQlUAAAAJ,847,18,14,27,21,80,,"Sensor-Accelerated Intelligent Learning, ",2023/12/21 20:04,81,204,single,2015-08-08,2015-08-08,2015-08-08,Jiaqi Gong
32.0,32.0,33.0,0.0,Enrique Neblett,@umich.edu,"Professor of Health Behavior and Health Education, University of Michigan School of Public Health",6205,https://sph.umich.edu/faculty-profiles/neblett-enrique.html,fZGRCm8AAAAJ,4601,37,36,54,53,75,,"Racism and Health, Health Disparities, Mental Health, African Americans, Youth and Families, ",2023/12/21 20:04,87,214,single,2015-08-08,2015-08-08,2015-08-08,Enrique Neblett
33.0,33.0,34.0,0.0,Hillol Sarker,@sanofi.com,Sanofi,636,,Ayr8SpIAAAAJ,523,10,10,10,10,25,,"Mobile Health, Internet of Things, Data Mining, ",2023/12/21 20:04,90,222,single,2015-08-08,2015-08-08,2015-08-08,Hillol Sarker
34.0,34.0,35.0,0.0,Johannes Thrul,@jhu.edu,"Associate Professor, Johns Hopkins Bloomberg School of Public Health",3728,,DWm_T9AAAAAJ,3430,31,31,76,74,191,,"Addiction research, Tobacco research, mHealth, Ecological Momentary Assessment, ",2023/12/21 20:05,91,223,single,2015-08-08,2015-08-08,2015-08-08,Johannes Thrul
35.0,35.0,36.0,0.0,Kara Christensen Pacella,@unlv.edu,"University of Nevada, Las Vegas",824,,IQtN7ggAAAAJ,727,17,15,20,19,56,,"Eating disorders, emotion regulation, interpersonal relationships, insomnia, digital health, ",2023/12/21 20:05,95,9,single,2022-07-25,2022-07-25,2022-07-25,Kara Christensen Pacella
36.0,36.0,37.0,0.0,Alex Mariakakis,@cs.toronto.edu,University of Toronto,939,https://mariakakis.github.io/,YeGQtewAAAAJ,783,14,14,15,15,59,,"Ubiquitous computing, Mobile health, HCI, ",2023/12/21 20:05,97,47,single,2021-07-26,2021-07-26,2021-07-26,Alex Mariakakis
37.0,37.0,38.0,0.0,Marie Aline Sillice,,Unknown affiliation,369,,#NAME?,285,9,9,8,8,39,,,2023/12/21 20:05,98,55,single,2021-07-26,2021-07-26,2021-07-26,Marie Aline Sillice
38.0,38.0,39.0,0.0,Ashley Walton,@dartmouth.edu,Dartmouth College,871,,3kVRMboAAAAJ,784,14,13,14,14,31,,,2023/12/21 20:05,103,122,single,2018-07-30,2018-07-30,2018-07-30,Ashley Walton
39.0,39.0,40.0,0.0,Stacey Schepens Niemiec,@usc.edu,Unknown affiliation,222,,DQpU-6oAAAAJ,212,8,8,7,7,34,,,2023/12/21 20:06,108,178,single,2016-08-08,2016-08-08,2016-08-08,Stacey Schepens Niemiec
40.0,40.0,41.0,0.0,Mengjun Xie,@utc.edu,University of Tennessee at Chattanooga,1712,https://www.mengjunxie.org/,hufnCqoAAAAJ,890,20,15,39,26,68,,"Cybersecurity, Cloud/Edge Computing, Mobile Computing, Computer Education, ",2023/12/21 20:06,112,225,single,2015-08-08,2015-08-08,2015-08-08,Mengjun Xie
41.0,41.0,0.0,,Xiaojing Wang,@uconn.edu,University of Connecticut,864,http://xiaojing-wang.uconn.edu/,w9gnSRYAAAAJ,698,11,9,11,9,28,,"latent variable models, subgroup analysis, Gaussian processes, time series analysis, variable selection, ",2023/12/21 15:11,0,1,email,2022-07-25,2022-07-25,2022-07-25,Xiaojing Wang
42.0,42.0,1.0,,Temiloluwa Prioleau,@dartmouth.edu,"Assistant Professor, Dartmouth College",560,http://t-prioleau.com/,D0YdmxwAAAAJ,505,11,10,11,10,37,,"Digital Health, AI for Healthcare, Data Science, Wearable Technology, ",2023/12/21 15:12,1,3,email,2022-07-25,2022-07-25,2022-07-25,Temiloluwa Prioleau
43.0,43.0,2.0,,Yu Kuei Lin (Alex),@med.umich.edu,"Associate Professor of Internal Medicine, University of Michigan",498,,WHokbI4AAAAJ,454,13,13,13,13,38,,"Diabetes, Hypoglycemia, ",2023/12/21 15:12,2,5,email,2022-07-25,2022-07-25,2022-07-25,Yu Kuei Lin (Alex)
44.0,44.0,3.0,,"Carolyn M. Yeager, PhD",@uccs.edu,"Clinical Technologist, University of Colorado Colorado Springs",548,http://resilience.uccs.edu/,K9QxJlMAAAAJ,338,8,8,8,8,17,,"Engagement, Artificial Intelligence, Trauma Interventions, Digital Health Interventions, ",2023/12/21 15:12,3,7,email,2022-07-25,2022-07-25,2022-07-25,"Carolyn M. Yeager, PhD"
45.0,45.0,4.0,,Laura L Bellows,@cornell.edu,"Division of Nutritional Sciences, Cornell University",1892,,4ofAC0wAAAAJ,1272,24,21,48,36,169,,"Nutrition, Physical Activity, Early Childhood, Obesity, Health Disparities, ",2023/12/21 15:12,4,10,email,2022-07-25,2022-07-25,2022-07-25,Laura L Bellows
46.0,46.0,5.0,,Caroline Silva,@urmc.rochester.edu,University of Rochester School of Medicine & Dentistry,5429,https://rochester.academia.edu/CarolineSilva,WGqUaRAAAAAJ,4022,26,25,32,32,58,,"Suicidal Behavior, ",2023/12/21 15:13,5,12,email,2022-07-25,2022-07-25,2022-07-25,Caroline Silva
47.0,47.0,6.0,,Caroline Dorfman,@duke.edu,Duke University Medical Center,795,,VS6FzhcAAAAJ,552,17,14,22,22,63,,,2023/12/21 15:13,6,13,email,2022-07-25,2022-07-25,2022-07-25,Caroline Dorfman
48.0,48.0,7.0,,Jessica M Lipschitz,@bwh.harvard.edu,Brigham and Women's Hospital/Harvard Medical School,1020,https://lipschitzlab.partners.org/,iC4o39IAAAAJ,865,17,16,21,20,51,,,2023/12/21 15:13,7,16,email,2022-07-25,2022-07-25,2022-07-25,Jessica M Lipschitz
49.0,49.0,8.0,,Jeff Epstein,@cchmc.org,"Professor of Pediatrics, Cincinnati Children's Hospital Medical Center",32118,,hOrAr6sAAAAJ,13199,84,59,186,167,283,,"ADHD, ",2023/12/21 15:13,8,18,email,2022-07-25,2022-07-25,2022-07-25,Jeff Epstein
50.0,50.0,9.0,,Ethan Moitra,@brown.edu,Brown University,4876,,AyArXBYAAAAJ,2841,26,25,41,37,67,,"Clinical Psychology, Psychiatry, ",2023/12/21 15:14,9,19,email,2022-07-25,2022-07-25,2022-07-25,Ethan Moitra
51.0,51.0,10.0,,Damon L. Swift,@virginia.edu,University of Virginia,5661,,oTeM7fMAAAAJ,3729,33,27,44,40,122,,"Associate Professor, ",2023/12/21 15:14,10,21,email,2022-07-25,2022-07-25,2022-07-25,Damon L. Swift
52.0,52.0,11.0,,"Jessica McCurley, PhD MPH",@mgh.harvard.edu,"Assistant Professor, San Diego State University",1038,,J3C5SqkAAAAJ,903,18,18,24,24,74,,"Psychology, Behavioral Medicine, Prevention, Health Disparities, Behavioral Economics, ",2023/12/21 15:14,11,22,email,2022-07-25,2022-07-25,2022-07-25,"Jessica McCurley, PhD MPH"
53.0,53.0,12.0,,Rachel Kornfield,@northwestern.edu,Northwestern University,2226,,2q4bWeYAAAAJ,1494,25,22,35,35,82,,"Health Communication, Computer-mediated communication, Human-Computer Interaction, Digital Mental Health, ",2023/12/21 15:14,12,24,email,2022-07-25,2022-07-25,2022-07-25,Rachel Kornfield
54.0,54.0,13.0,,Krista Leonard,@asu.edu,Arizona State University,271,,qRY3tIwAAAAJ,269,8,8,7,7,48,,"Kinesiology, behavioral medicine, applied behavior change psychology, intervention science, ",2023/12/21 15:15,13,26,email,2022-07-25,2022-07-25,2022-07-25,Krista Leonard
55.0,55.0,14.0,,Arjun P. Athreya,@mayo.edu,Mayo Clinic Asst. Professor and Prin. Data Scientist,704,https://www.mayo.edu/research/faculty/athreya-arjun-p-ph-d-m-s/bio-20473903,8f11GZoAAAAJ,586,13,13,22,16,61,,"Health analytics, machine learning, artificial intelligence, ",2023/12/21 15:15,14,29,email,2022-07-25,2022-07-25,2022-07-25,Arjun P. Athreya
56.0,56.0,15.0,,Elena Agapie,@uci.edu,"University of California, Irvine, Department of Informatics",932,http://eagapie.com/,nc3IT3kAAAAJ,778,10,10,11,11,30,,"HCI, behavior change, crowdsourcing, social media, ",2023/12/21 15:15,15,30,email,2021-07-26,2021-07-26,2021-07-26,Elena Agapie
57.0,57.0,16.0,,Sherif Badawy,@luriechildrens.org,"Associate Professor, Division of Hematology, Oncology and Stem Cell Transplantation",3733,,aHOe_R0AAAAJ,3550,32,32,78,76,244,,"Hematology, Oncology, Transplant, Outcomes Research, mHealth, ",2023/12/21 15:15,16,32,email,2021-07-26,2021-07-26,2021-07-26,Sherif Badawy
58.0,58.0,17.0,,"Dr. Yael Bar-Zeev, MD, MPH, PhD",@mail.huji.ac.il,The Hebrew University of Jerusalem,1261,https://www.researchgate.net/profile/Yael_Bar-Zeev,Ho5br2wAAAAJ,927,20,19,35,30,119,,"Public Health, Health Promotion, Tobacco Control, Smoking Cessation, ",2023/12/21 15:16,17,33,email,2021-07-26,2021-07-26,2021-07-26,"Dr. Yael Bar-Zeev, MD, MPH, PhD"
59.0,59.0,18.0,,Jennifer Blain Christen,@asu.edu,"Associate Professor of Electrical Engineering, Arizona State University",989,,CzoUF-cAAAAJ,653,15,14,25,18,161,,"Bioelectronics, Biosensors, Lab on a Chip, Neuromorphic Circuits, ",2023/12/21 15:16,18,34,email,2021-07-26,2021-07-26,2021-07-26,Jennifer Blain Christen
60.0,60.0,19.0,,Luisa Blanco,@pepperdine.edu,"Pepperdine University, School of Public Policy",1854,http://www.luisablanco.com/,pGFnP7QAAAAJ,1290,19,17,34,26,93,,"Economics, ",2023/12/21 15:16,19,35,email,2021-07-26,2021-07-26,2021-07-26,Luisa Blanco
61.0,61.0,20.0,,"Diane Chen, PhD",@luriechildrens.org,"Associate Professor of Psychiatry and Behavioral Sciences, and Pediatrics, Northwestern University",2922,,VaQ2N64AAAAJ,2672,30,29,51,51,109,,,2023/12/21 15:16,20,36,email,2021-07-26,2021-07-26,2021-07-26,"Diane Chen, PhD"
62.0,62.0,21.0,,Lauren Chernick,@columbia.edu,Columbia University Medical Center,646,,6zxufoEAAAAJ,576,14,14,20,18,59,,"pediatric emergency medicine, adolescent sexual health, ",2023/12/21 15:17,21,37,email,2021-07-26,2021-07-26,2021-07-26,Lauren Chernick
63.0,63.0,22.0,,Hongying Daisy Dai,@unmc.edu,"Professor, University of Nebraska Medical Center",4042,https://www.unmc.edu/publichealth//departments/biostatistics/facultyandstaff/hongying-dai.html,DJcmOosAAAAJ,3367,34,30,104,85,201,,"Health Equity, Discrimination and Substance Use, Youth Substance Use, Statistical Epidemiology, ",2023/12/21 15:17,22,39,email,2021-07-26,2021-07-26,2021-07-26,Hongying Daisy Dai
64.0,64.0,23.0,,Katie Davis,@uw.edu,"Associate Professor, University of Washington",5989,,bjMHx8UAAAAJ,3980,30,29,56,47,126,,"child development, digital youth, child-computer interaction, adolescence, learning technologies, ",2023/12/21 15:17,23,40,email,2021-07-26,2021-07-26,2021-07-26,Katie Davis
65.0,65.0,24.0,,Jessilyn Dunn,@duke.edu,Assistant Professor,4363,http://jessilyndunn.com/,O2nUrQIAAAAJ,3674,22,21,31,30,90,,"Machine Learning, Data Science, Wearable Devices, Electronic Health Records, Omics, ",2023/12/21 15:17,24,41,email,2021-07-26,2021-07-26,2021-07-26,Jessilyn Dunn
66.0,66.0,25.0,,Alison El Ayadi,@ucsf.edu,UCSF,2696,https://profiles.ucsf.edu/alison.elayadi,_cedZwQAAAAJ,2291,27,24,46,42,126,,"perinatal epidemiology, ",2023/12/21 15:18,25,42,email,2021-07-26,2021-07-26,2021-07-26,Alison El Ayadi
67.0,67.0,26.0,,"Emily T. Hébert, DrPH",@hebert.com,University of Texas Health Science Center at Houston (UTHealth) School of Public Health,1573,,nBfgv_4AAAAJ,1335,20,19,34,33,90,,,2023/12/21 15:18,26,45,email,2021-07-26,2021-07-26,2021-07-26,"Emily T. Hébert, DrPH"
68.0,68.0,27.0,,Marta Mulawa,@duke.edu,"Assistant Professor of Nursing and Global Health, Duke University",908,https://scholars.duke.edu/person/marta.mulawa,qW3ZY_YAAAAJ,634,17,14,21,20,39,,"HIV/AIDS, behavioral interventions, global health, social networks, mHealth, ",2023/12/21 15:18,27,49,email,2021-07-26,2021-07-26,2021-07-26,Marta Mulawa
69.0,69.0,28.0,,Amir M. Rahmani,@uci.edu,"Professor, Nursing, Computer Science & EECS, University of California, Irvine",10323,http://www.ics.uci.edu/~amirr1/,zB-D69cAAAAJ,9042,47,41,166,145,379,,"AI/ML in Healthcare, Wearable Computing, mHealth, Health Informatics, ",2023/12/21 15:19,28,52,email,2021-07-26,2021-07-26,2021-07-26,Amir M. Rahmani
70.0,70.0,29.0,,Claire Adams Spears,@gsu.edu,"Assistant Professor, Georgia State University School of Public Health",6841,https://publichealth.gsu.edu/profile/claire-adams-spears/,SoO1Xm0AAAAJ,4449,34,29,73,63,150,,,2023/12/21 15:19,29,56,email,2021-07-26,2021-07-26,2021-07-26,Claire Adams Spears
71.0,71.0,30.0,,Jennifer A. Sumner,@psych.ucla.edu,"University of California, Los Angeles",7004,,F3DxvI4AAAAJ,5122,38,35,87,84,193,,,2023/12/21 15:19,30,57,email,2021-07-26,2021-07-26,2021-07-26,Jennifer A. Sumner
72.0,72.0,31.0,,Julian Wolfson,@umn.edu,"Associate Professor, Division of Biostatistics, University of Minnesota School of Public Health",2851,http://z.umn.edu/julianw,W4sIgrIAAAAJ,2308,28,26,55,49,166,,"Biostatistics, machine learning, causal inference, variable selection, mobile health, ",2023/12/21 15:19,31,63,email,2021-07-26,2021-07-26,2021-07-26,Julian Wolfson
73.0,73.0,32.0,,Wendy Camelo Castillo,@rx.umaryland.edu,"Assistant Professor, University of Maryland Baltimore",701,,9rxLdiYAAAAJ,503,11,10,11,10,89,,"Pharmacoepidemiology, health services research, mobile health, ",2023/12/21 15:20,32,65,email,2019-07-26,2019-07-26,2019-07-26,Wendy Camelo Castillo
74.0,74.0,33.0,,Ming-Yuan Chih,@uky.edu,"Associate Professor, University of Kentucky",2146,https://www.uky.edu/chs/mch266,ZEo8l_YAAAAJ,1526,21,19,28,26,52,,"Health informatics, Industrial Engineering, ",2023/12/21 15:20,33,67,email,2019-07-26,2019-07-26,2019-07-26,Ming-Yuan Chih
75.0,75.0,34.0,,Ewa Czyz,@umich.edu,University of Michigan,3508,,PkVZ_o4AAAAJ,2644,31,28,41,41,63,,"Suicide, adolescence, NSSI, prevention, ",2023/12/21 15:20,34,68,email,2019-07-26,2019-07-26,2019-07-26,Ewa Czyz
76.0,76.0,35.0,,"Bobby Daly MD, MBA",@mskcc.org,"Assistant attending physician, Memorial Sloan Kettering Cancer Center",1244,,BZ2Q3BsAAAAJ,1148,16,15,20,20,37,,"Health services research, thoracic oncology, ",2023/12/21 15:20,35,69,email,2019-07-26,2019-07-26,2019-07-26,"Bobby Daly MD, MBA"
77.0,77.0,36.0,,Ellen Fitzsimmons-Craft,@wustl.edu,"Associate Professor, Washington University School of Medicine",5653,https://psychiatry.wustl.edu/people/ellen-fitzsimmons-craft-phd/,#NAME?,4646,44,39,99,98,168,,"eating disorders, digital mental health, prevention, screening, public health, ",2023/12/21 15:21,36,71,email,2019-07-26,2019-07-26,2019-07-26,Ellen Fitzsimmons-Craft
78.0,78.0,37.0,,Stephanie P. Goldstein,@brown.edu,"Warren Alpert Medical School, Brown University",1892,,rsxIPpsAAAAJ,1607,23,22,36,33,101,,"digital health, electronic/mobile health, eating behavior, obesity, diet, ",2023/12/21 15:21,37,72,email,2019-07-26,2019-07-26,2019-07-26,Stephanie P. Goldstein
79.0,79.0,38.0,,Peter James,@hsph.harvard.edu,Harvard Medical School & Harvard Pilgrim Health Care Institute; Harvard TH Chan School of Public,15802,https://www.populationmedicine.org/node/85055,U8MczSoAAAAJ,14421,52,49,117,115,284,,"Built Environment, Nature, Mobile Health Technology, Chronic Disease, Environmental Epidemiology, ",2023/12/21 15:21,38,75,email,2019-07-26,2019-07-26,2019-07-26,Peter James
80.0,80.0,39.0,,Nitin Joglekar,@bu.edu,Boston University,2608,https://people.bu.edu/joglekar,wBe45T0AAAAJ,1315,26,20,46,35,171,,"Digital Product Management, Digital Supply Chains, Infrastructure, Public Policy, Sustainability, ",2023/12/21 15:22,39,76,email,2019-07-26,2019-07-26,2019-07-26,Nitin Joglekar
81.0,81.0,40.0,,Nirav Kamdar,@mednet.ucla.edu,"Associate Clinical Professor, UCLA Health, David Geffen School of Medicine",2570,,MxyTDNkAAAAJ,1165,10,9,10,9,43,,,2023/12/21 15:22,40,77,email,2019-07-26,2019-07-26,2019-07-26,Nirav Kamdar
82.0,82.0,41.0,,Michelle R. Kaufman,@jhu.edu,Johns Hopkins University,3640,,CDj74FUAAAAJ,1999,26,23,59,50,127,,"gender, sexuality, health disparities, adolescents, mhealth, ",2023/12/21 15:22,41,78,email,2019-07-26,2019-07-26,2019-07-26,Michelle R. Kaufman
83.0,83.0,42.0,,Ashley D. Kendall,@uic.edu,University of Illinois Chicago,620,,vwR8GU8AAAAJ,473,14,13,17,16,37,,,2023/12/21 15:22,42,79,email,2019-07-26,2019-07-26,2019-07-26,Ashley D. Kendall
84.0,84.0,43.0,,Jasmine Mote,@bu.edu,Boston University,658,https://www.buamplab.com/,achpZVQAAAAJ,578,14,14,19,19,37,,"Anticipatory Pleasure, Emotion, Loneliness, Schizophrenia, Motivation, ",2023/12/21 15:22,43,84,email,2019-07-26,2019-07-26,2019-07-26,Jasmine Mote
85.0,85.0,44.0,,Na Jin Seo,@musc.edu,Medical University of South Carolina,2221,https://education.musc.edu/MUSCApps/facultydirectory/Seo-Na-Jin,Jq67r1AAAAAJ,1341,28,20,53,41,127,,"Rehabilitation, Stroke, Upper Extremity Biomechanics, Ergonomics, ",2023/12/21 15:23,44,87,email,2019-07-26,2019-07-26,2019-07-26,Na Jin Seo
86.0,86.0,45.0,,Alexi Wright,@dfci.harvard.edu,"Associate Professor, Harvard Medical School",15678,,1thG84sAAAAJ,9350,52,44,95,84,256,,"Cancer Care Delivery, Patient-Physician Communication, End-of-Life Care, Gynecologic Cancers, ",2023/12/21 15:23,45,89,email,2019-07-26,2019-07-26,2019-07-26,Alexi Wright
87.0,87.0,46.0,,Kelly Ylitalo,@baylor.edu,"Assistant Professor of Epidemiology, Baylor University",1368,,0GOuQPgAAAAJ,965,18,17,30,26,99,,,2023/12/21 15:23,46,91,email,2019-07-26,2019-07-26,2019-07-26,Kelly Ylitalo
88.0,88.0,47.0,,John Zulueta,@uic.edu,"Assistant Professor of Clinical Psychiatry, University of Illinois at Chicago",489,,QZTX2oMAAAAJ,488,9,9,8,8,27,,,2023/12/21 15:23,47,93,email,2019-07-26,2019-07-26,2019-07-26,John Zulueta
89.0,89.0,48.0,,Nabil Alshurafa,@northwestern.edu,"Associate Professor of Preventive Medicine and of Computer Science, Northwestern University",3034,http://thehabitslab.com/,8mOcZzAAAAAJ,2343,31,27,61,51,154,,"Passive Sensing Data Analytics, Ubiquitous Computing, Mobile Health, Wearable Sensors, ",2023/12/21 15:24,48,95,email,2018-07-30,2018-07-30,2018-07-30,Nabil Alshurafa
90.0,90.0,49.0,,Jennifer Dahne,@musc.edu,Medical University of South Carolina,1047,,wgE0vMQAAAAJ,907,20,16,33,29,70,,"clinical psychology, mHealth, tobacco cessation, depression, anxiety, ",2023/12/21 15:24,49,99,email,2018-07-30,2018-07-30,2018-07-30,Jennifer Dahne
91.0,91.0,50.0,,Carly M. Goldstein,@brown.edu,"Warren Alpert Medical School, Brown University",1293,https://vivo.brown.edu/display/cgoldst1,wpXtI8YAAAAJ,1113,18,17,29,28,89,,"Cardiovascular Disease, Obesity, mHealth, ",2023/12/21 15:24,50,104,email,2018-07-30,2018-07-30,2018-07-30,Carly M. Goldstein
92.0,92.0,51.0,,Nour Makarem,@cumc.columbia.edu,Columbia University Irving Medical Center,1611,,FZokdg0AAAAJ,1476,21,20,35,33,105,,"cardiovascular epidemiology, sleep and circadian science, nutrition, health equity, ",2023/12/21 15:24,51,110,email,2018-07-30,2018-07-30,2018-07-30,Nour Makarem
93.0,93.0,52.0,,Jennifer Merrill,@brown.edu,"Associate Professor, Brown University",4346,,fU4h2TQAAAAJ,3246,30,29,79,76,132,,,2023/12/21 15:25,52,111,email,2018-07-30,2018-07-30,2018-07-30,Jennifer Merrill
94.0,94.0,53.0,,Allison A. Norful,@cumc.columbia.edu,Columbia University,1393,,#NAME?,1372,20,20,29,29,98,,"primary care delivery, workforce, interprofessional teams, provider burnout, nurse practitioner, ",2023/12/21 15:25,53,115,email,2018-07-30,2018-07-30,2018-07-30,Allison A. Norful
95.0,95.0,54.0,,Lydia A. Shrier,@childrens.harvard.edu,Boston Children's Hospital,7598,,gD4MyVYAAAAJ,2680,41,27,85,57,202,,"pediatrics, adolescent health, research, ",2023/12/21 15:25,54,118,email,2018-07-30,2018-07-30,2018-07-30,Lydia A. Shrier
96.0,96.0,55.0,,Kyle Winfree,@nau.edu,Northern Arizona University,601,http://winfreelab.nau.edu/,SHO5PDkAAAAJ,385,11,9,12,9,31,,"Wearable Robotics, Physical Activity Assessment, Supervised Machine Learning, ",2023/12/21 15:25,55,123,email,2018-07-30,2018-07-30,2018-07-30,Kyle Winfree
97.0,97.0,56.0,,Nicholas Allen,@uoregon.edu,"Ann Swindells Professor of Psychology, University of Oregon",42221,http://psychology.uoregon.edu/profile/nallen3/,ksVPCBsAAAAJ,26074,97,74,382,324,747,,"Adolescence, Digital Mental Health, Depression, Sleep, Developmental Psychopathology, ",2023/12/21 15:26,56,124,email,2017-08-06,2017-08-06,2017-08-06,Nicholas Allen
98.0,98.0,57.0,,Ashwin Ashok,@gsu.edu,"Associate Professor, Georgia State University",1622,http://ashwinashok.com/,1SIKS28AAAAJ,1024,18,16,29,24,113,,"Visible Light Communication, Mobile and Vehicular Systems, IoT, Robotics., ",2023/12/21 15:26,57,125,email,2017-08-06,2017-08-06,2017-08-06,Ashwin Ashok
99.0,99.0,58.0,,Adam C Levine,@brown.edu,"Professor of Emergency Medicine, Brown University",5377,https://vivo.brown.edu/display/al16,UL9XSbYAAAAJ,4624,33,29,87,74,231,,"Global Health, Humanitarian Emergencies, ",2023/12/21 15:26,58,135,email,2017-08-06,2017-08-06,2017-08-06,Adam C Levine
100.0,100.0,59.0,,Carissa Low,@upmc.edu,"Associate Professor, University of Pittsburgh",3422,http://www.bot-lab.org/,mOkgH9IAAAAJ,1659,27,21,44,37,91,,"mobile sensing, symptom management, remote monitoring, cancer, ",2023/12/21 15:27,59,136,email,2017-08-06,2017-08-06,2017-08-06,Carissa Low
101.0,101.0,60.0,,Courtney Monroe,@mailbox.sc.edu,"Assistant Professor, University of South Carolina",624,,Giq1xA8AAAAJ,565,13,12,16,16,51,,"e/mHealth, physical activity, social support, ",2023/12/21 15:27,60,139,email,2017-08-06,2017-08-06,2017-08-06,Courtney Monroe
102.0,102.0,61.0,,Sun Young Park,@umich.edu,University of Michigan,1396,http://sunyoungpark.weebly.com/,fDzG8qYAAAAJ,901,19,17,30,26,55,,"Human-Computer Interaction, Health Informatics, Computer Supported Cooperative Work (CSCW), Social Computing, Design, ",2023/12/21 15:27,61,140,email,2017-08-06,2017-08-06,2017-08-06,Sun Young Park
103.0,103.0,62.0,,"Angela Pfammatter, PhD",@northwestern.edu,"Assistant Professor, Northwestern University, Feinberg School of Medicine",998,,8NQiA_oAAAAJ,878,16,15,19,19,101,,"Health behavior change and mHealth, ",2023/12/21 15:27,62,143,email,2017-08-06,2017-08-06,2017-08-06,"Angela Pfammatter, PhD"
104.0,104.0,63.0,,Valerie Press,@medicine.bsd.uchicago.edu,"Associate Professor, University of Chicago",2733,,23q3c64AAAAJ,2176,27,23,66,62,276,,"health literacy, self-management, implementation science, randomized behavioral trials, comparative effectiveness research, ",2023/12/21 15:28,63,144,email,2017-08-06,2017-08-06,2017-08-06,Valerie Press
105.0,105.0,64.0,,Lisa M. Vizer,@med.unc.edu,"Research Assistant Professor, University of North Carolina at Chapel Hill",777,,y4FmbegAAAAJ,529,13,12,15,13,26,,"Consumer health informatics, Human-computer interaction, ",2023/12/21 15:28,64,148,email,2017-08-06,2017-08-06,2017-08-06,Lisa M. Vizer
106.0,106.0,65.0,,Noreen L. Watson,@fredhutch.org,"Staff Scientist, Fred Hutchinson Cancer Research Center",1380,,v523vxgAAAAJ,844,18,16,21,20,42,,"Digital Health, Smoking, Tobacco-Related Health Disparities, Health Disparities, Social Anxiety, ",2023/12/21 15:28,65,149,email,2017-08-06,2017-08-06,2017-08-06,Noreen L. Watson
107.0,107.0,66.0,,Jessica Fitts Willoughby,@wsu.edu,Washington State University,1675,,0ZRBjOAAAAAJ,1289,25,21,44,38,80,,"Health communication, mHealth, eHealth, media effects, ",2023/12/21 15:28,66,151,email,2017-08-06,2017-08-06,2017-08-06,Jessica Fitts Willoughby
108.0,108.0,67.0,,"Sara Hoffman Marchese, PhD",@northwestern.edu,"Assistant Professor, Northwestern University Feinberg School of Medicine",348,,1IrBWs4AAAAJ,289,10,8,10,8,43,,"Obesity, weight management, psychogastroenterology, social support, behavioral medicine, ",2023/12/21 15:29,67,155,email,2017-08-06,2017-08-06,2017-08-06,"Sara Hoffman Marchese, PhD"
109.0,109.0,0.0,,Varun Mishra,@northeastern.edu,Northeastern University,591,https://varunmishra.com/,2tP2D7MAAAAJ,585,14,14,18,17,38,,"Mobile Sensing, mHealth, ",2023/12/21 15:29,0,2,institution,2022-07-25,2022-07-25,2022-07-25,Varun Mishra
110.0,110.0,1.0,,Justin Knox,@columbia.edu,Columbia University,1877,,_6zecbQAAAAJ,1333,24,20,40,36,98,,,2023/12/21 15:29,1,8,institution,2022-07-25,2022-07-25,2022-07-25,Justin Knox
111.0,111.0,3.0,,"Heather Joy Nuske, PhD",@upenn.edu,"Research Assistant Professor in Psychiatry, University of Pennsylvania",1239,http://www.med.upenn.edu/cmh/people/heather-nuske/,Cu7BGJQAAAAJ,1018,19,18,20,20,54,,"autism, emotion regulation, psychophysiology, digital mental health, social and emotional learning, ",2023/12/21 15:29,3,11,institution,2022-07-25,2022-07-25,2022-07-25,"Heather Joy Nuske, PhD"
112.0,112.0,4.0,,Mary Ellen Vajravelu,@pitt.edu,"UPMC Children's Hospital of Pittsburgh, University of Pittsburgh School of Medicine",442,,TRdvkzAAAAAJ,420,10,10,10,10,49,,"Pediatric Type 2 Diabetes, Obesity, mHealth, Health Disparities, ",2023/12/21 15:29,4,15,institution,2022-07-25,2022-07-25,2022-07-25,Mary Ellen Vajravelu
113.0,113.0,5.0,,"Agatha Lenartowicz, Ph.D.",@ucla.edu,University of California Los Angeles,2631,http://agathalenartowicz.com/,AWOkpNcAAAAJ,1634,22,20,28,26,56,,"Attention Control, Neuroimaging, Alpha Oscillations, Mobile Technologies, ADHD, ",2023/12/21 15:30,5,17,institution,2022-07-25,2022-07-25,2022-07-25,"Agatha Lenartowicz, Ph.D."
114.0,114.0,6.0,,"Shawana Tabassum, Ph.D.",@uttyler.edu,Assistant Professor at the University of Texas at Tyler,440,https://www.uttyler.edu/directory/ee/tabassum.php,#NAME?,420,12,11,18,16,90,,"Micro/nano electronics, Photonics, Flexible sensors, Electronic textile, Precision Ag and Environmental monitoring, ",2023/12/21 15:30,6,23,institution,2022-07-25,2022-07-25,2022-07-25,"Shawana Tabassum, Ph.D."
115.0,115.0,7.0,,Taylor Burke,@mgh.harvard.edu,Harvard Medical School,2475,,rvNvK3kAAAAJ,2327,30,29,53,53,90,,,2023/12/21 15:30,7,25,institution,2022-07-25,2022-07-25,2022-07-25,Taylor Burke
116.0,116.0,9.0,,Jessica Golbus,@umich.edu,Unknown affiliation,1269,,rbawtnIAAAAJ,783,13,13,19,18,88,,,2023/12/21 15:30,9,43,institution,2021-07-26,2021-07-26,2021-07-26,Jessica Golbus
117.0,117.0,11.0,,Manish Motwani,@mft.nhs.uk,"Manchester University NHS Foundation Trust, University of Leeds, Cedars-Sinai Medical Center",3786,,DerzHiQAAAAJ,2756,31,26,56,51,182,,"Cardiovascular MRI, Cardiac CT, Ischemic Heart Disease, Facial Anthropometrics, Artificial Intelligence in Medicine, ",2023/12/21 15:31,11,48,institution,2021-07-26,2021-07-26,2021-07-26,Manish Motwani
118.0,118.0,13.0,,Wilson Vincent,@temple.edu,Temple University,826,https://www.hdpslab.org/,38jCtJQAAAAJ,540,14,12,15,13,37,,"health disparities, prevention, intervention, mental health, stigma, ",2023/12/21 15:31,13,60,institution,2021-07-26,2021-07-26,2021-07-26,Wilson Vincent
119.0,119.0,15.0,,Oleg Zaslavsky,@fulbrightmail.org,University of Washington,2701,,DTfUHLIAAAAJ,2235,30,28,58,56,143,,"Gerontology, Nursing, Frailty, mHealth, ",2023/12/21 15:32,15,64,institution,2021-07-26,2021-07-26,2021-07-26,Oleg Zaslavsky
120.0,120.0,16.0,,David Martin Lydon-Staley,@asc.upenn.edu,"Assistant Professor, Annenberg School for Communication, University of Pennsylvania",1723,https://www.asc.upenn.edu/research/centers/addiction-health-and-adolescence-lab,hyfkcO0AAAAJ,1635,21,21,32,32,72,,"Adolescence, Substance Use, Cognitive Control, Curiosity, ",2023/12/21 15:32,16,81,institution,2019-07-26,2019-07-26,2019-07-26,David Martin Lydon-Staley
121.0,121.0,17.0,,Marianne Menictas,@fas.harvard.edu,"Postdoctoral Researcher, Harvard University",195,https://menictas.github.io/,4SiqBEcAAAAJ,163,7,7,6,5,13,,"Variational inference, Bayesian Statistics, Mobile Health, ",2023/12/21 15:32,17,83,institution,2019-07-26,2019-07-26,2019-07-26,Marianne Menictas
122.0,122.0,18.0,,Keshet Ronen,,University of Washington,2374,,5hZSOu0AAAAJ,1207,24,21,37,34,99,,,2023/12/21 15:32,18,86,institution,2019-07-26,2019-07-26,2019-07-26,Keshet Ronen
123.0,123.0,19.0,,Wenbing Zhao,@ieee.org,Cleveland State University,4678,https://academic.csuohio.edu/zhao-wenbing/,ijsSRagAAAAJ,3145,35,26,93,60,315,,"blockchain, smart and connected health, gesture and activity recognition, fault tolerance, byzantine fault tolerance, ",2023/12/21 15:32,19,92,institution,2019-07-26,2019-07-26,2019-07-26,Wenbing Zhao
124.0,124.0,21.0,,Phillip Gorrindo,@ucsf.edu,"University of California, San Francisco",1810,http://phillipgorrindo.com/,6WmpcNQAAAAJ,814,8,7,8,6,10,,,2023/12/21 15:33,21,105,institution,2018-07-30,2018-07-30,2018-07-30,Phillip Gorrindo
125.0,125.0,22.0,,Andrea K. Graham,@northwestern.edu,"Assistant Professor, Feinberg School of Medicine, Northwestern University",3943,,gct_vUgAAAAJ,3247,35,31,69,68,129,,"Digital mental health, Implementation science, User-centered design, Eating disorders, Weight management, ",2023/12/21 15:33,22,106,institution,2018-07-30,2018-07-30,2018-07-30,Andrea K. Graham
126.0,126.0,24.0,,Douglas Woodward,@moore.sc.edu,University of South Carolina,5773,http://dougwoodward.wordpress.com/,IJLBEqEAAAAJ,1328,28,17,40,25,93,,"urban economics, industrial location, regional economics, ",2023/12/21 15:33,24,112,institution,2018-07-30,2018-07-30,2018-07-30,Douglas Woodward
127.0,127.0,25.0,,Mustafa Ozkaynak,@cuanschutz.edu,University of Colorado | Anschutz Medical Campus,934,https://profiles.ucdenver.edu/display/2310669,zyEf6RcAAAAJ,642,18,16,28,24,85,,"health informatics, clinical decision support, workflow, implementation, Health IT evaluation, ",2023/12/21 15:33,25,116,institution,2018-07-30,2018-07-30,2018-07-30,Mustafa Ozkaynak
128.0,128.0,27.0,,Angela J. Jacques-Tiura,@med.wayne.edu,"Department of Family Medicine and Public Health Sciences, Wayne State University",3863,https://www.researchgate.net/profile/Angela_Tiura,LoHfl3oAAAAJ,2384,30,24,34,33,80,,"sexual violence, alcohol, risky sex, obesity, HIV, ",2023/12/21 15:34,27,121,institution,2018-07-30,2018-07-30,2018-07-30,Angela J. Jacques-Tiura
129.0,129.0,30.0,,Laura Damschroder,@va.gov,VA Ann Arbor Center for Clinical Management Research,28836,,#NAME?,22727,55,47,119,111,302,,"Implementation Research, ",2023/12/21 15:35,30,128,institution,2017-08-06,2017-08-06,2017-08-06,Laura Damschroder
130.0,130.0,31.0,,Shivayogi V. Hiremath,@temple.edu,Temple University,1207,https://cph.temple.edu/about/faculty-staff/shiv-hiremath-tug30821,P0Fr7ucAAAAJ,875,18,14,21,16,76,,"Rehabilitation Sciences, Health Outcomes, Wearable Sensors, Machine Learning, ",2023/12/21 15:35,31,129,institution,2017-08-06,2017-08-06,2017-08-06,Shivayogi V. Hiremath
131.0,131.0,32.0,,Yun Jiang,@med.umich.edu,University of Michigan,5563,,IgJsqoIAAAAJ,4514,39,37,64,56,164,,"Magnetic Resonance Imaging, ",2023/12/21 15:35,32,131,institution,2017-08-06,2017-08-06,2017-08-06,Yun Jiang
132.0,132.0,33.0,,Lei Zhang,@msu.edu,Michigan State University,35510,,b3U8vxkAAAAJ,23558,84,69,707,475,1750,,"Wireless Communication, Signal Processing, ",2023/12/21 15:36,33,152,institution,2017-08-06,2017-08-06,2017-08-06,Lei Zhang
133.0,133.0,34.0,,Wenlong Zhang,@berkeley.edu,Arizona State University,1999,https://home.riselab.info/,S2xHIfoAAAAJ,1635,24,23,57,51,133,,"Human-Robot Interaction, Control Systems, Wearable Robotics, Flexible Robotics, ",2023/12/21 15:36,34,153,institution,2017-08-06,2017-08-06,2017-08-06,Wenlong Zhang
134.0,134.0,35.0,,Zachary W. Adams,@iu.edu,"Assistant Professor, Indiana University School of Medicine",3016,,M3J_rkcAAAAJ,2200,29,26,50,50,115,,"traumatic stress, comorbidity, impulsivity, substance use, mobile health, ",2023/12/21 15:36,35,157,institution,2016-08-08,2016-08-08,2016-08-08,Zachary W. Adams
135.0,135.0,37.0,,Janet R. Cummings,@emory.edu,"Dept. of Health Policy and Management, Emory University",4490,,wwydu_IAAAAJ,3122,37,32,57,52,107,,"Mental health services, Substance use disorders, Health care equity, Medicaid, School mental health, ",2023/12/21 15:36,37,164,institution,2016-08-08,2016-08-08,2016-08-08,Janet R. Cummings
136.0,136.0,38.0,,Walter Dempsey,@umich.edu,University of Michigan,751,http://wdempsey.github.io/,TJ5P970AAAAJ,687,14,13,20,19,73,,"exchangeability / Bayesian nonparametric, networks, survival analysis, latent variable modeling, ",2023/12/21 15:37,38,165,institution,2016-08-08,2016-08-08,2016-08-08,Walter Dempsey
137.0,137.0,40.0,,Bo-Jhang Ho,@cs.ucla.edu,"Ph.D of University of California, Los Angeles",1475,,lCHjYhIAAAAJ,1342,12,12,13,13,29,,"Network & Embedded System, ",2023/12/21 15:37,40,170,institution,2016-08-08,2016-08-08,2016-08-08,Bo-Jhang Ho
138.0,138.0,42.0,,Virginia T. LeBaron,@virginia.edu,"Associate Professor, University of Virginia School of Nursing",745,https://www.nursing.virginia.edu/people/vtl6k/,JD5liqEAAAAJ,614,16,15,20,20,91,,"Palliative care, cancer pain, mHealth, global health, opioids, ",2023/12/21 15:37,42,174,institution,2016-08-08,2016-08-08,2016-08-08,Virginia T. LeBaron
139.0,139.0,43.0,,Lisa K. Militello,@osu.edu,The Ohio State University; University of Michigan,1090,,Hf6mGgIAAAAJ,892,16,15,19,19,54,,"healthy lifestyle behaviors, vulnerable/underserved populations, maternal child/infant health, digital health, ",2023/12/21 15:37,43,176,institution,2016-08-08,2016-08-08,2016-08-08,Lisa K. Militello
140.0,140.0,46.0,,Thomas Scherr,@vanderbilt.edu,"Research Assistant Professor, Chemistry, Vanderbilt University",685,,cSY1oiUAAAAJ,485,14,12,19,15,47,,"Disease Diagnostics, Mobile Health, Microfluidics, Numerical Modeling, Transport Phenomena, ",2023/12/21 15:38,46,185,institution,2016-08-08,2016-08-08,2016-08-08,Thomas Scherr
141.0,141.0,47.0,,Beth A. Smith,@usc.edu,"Children’s Hospital Los Angeles, University of Southern California",1902,https://sites.usc.edu/inclab/,97mrgpYAAAAJ,1242,26,22,43,39,123,,"infant development, rehabilitation, wearable sensors, electroencephalography, ",2023/12/21 15:38,47,186,institution,2016-08-08,2016-08-08,2016-08-08,Beth A. Smith
142.0,142.0,48.0,,Kiara R. Timpano,@miami.edu,"Professor of Psychology, University of Miami",11574,https://pasolab.org/,iGe7NkcAAAAJ,6332,55,44,107,97,183,,"Anxiety and Obsessive Compulsive Spectrum Disorders, Hoarding Disorders, ",2023/12/21 15:38,48,188,institution,2016-08-08,2016-08-08,2016-08-08,Kiara R. Timpano
143.0,143.0,49.0,,Avik Basu,@umich.edu,University of Michigan,326,http://seas.umich.edu/,WSOqu14AAAAJ,257,7,6,7,6,15,,"Environmental Psychology, ",2023/12/21 15:39,49,194,institution,2015-08-08,2015-08-08,2015-08-08,Avik Basu
144.0,144.0,50.0,,E(Sarah) Du,@fau.edu,"Associate Professor of Mechanical Engineering, Florida Atlantic University",1588,http://faculty.eng.fau.edu/sarahdu/,rICLFtwAAAAJ,1208,21,19,32,25,76,,"Microfluidics, Biosensors, Cell biomechanics and  biophysics, Sickle Cell Disease, Malaria, ",2023/12/21 15:39,50,200,institution,2015-08-08,2015-08-08,2015-08-08,E(Sarah) Du
145.0,145.0,51.0,,David A. Fedele,@phhp.ufl.edu,"Associate Professor, University of Florida",2908,https://chp.phhp.ufl.edu/people/core-faculty/david-fedele-phd/,QDV5ssoAAAAJ,1989,31,22,63,56,144,,"Pediatric Psychology, Health Psychology, ",2023/12/21 15:39,51,202,institution,2015-08-08,2015-08-08,2015-08-08,David A. Fedele
146.0,146.0,52.0,,Ju Gao,@osu.edu,"PhD Student, Department of Electrical and Computer Engineering, The Ohio State University",38,,RF0TKQoAAAAJ,34,4,4,1,1,5,,"Biomedical Signal Processing, Machine Learning, ",2023/12/21 15:39,52,203,institution,2015-08-08,2015-08-08,2015-08-08,Ju Gao
147.0,147.0,53.0,,Judith A Hahn,@ucsf.edu,"Professor in Residence, University of California San Francisco",11895,,F-Z9yFIAAAAJ,3801,55,33,132,104,305,,"alcohol, HIV, phosphatidylethanol, ",2023/12/21 15:39,53,205,institution,2015-08-08,2015-08-08,2015-08-08,Judith A Hahn
148.0,148.0,54.0,,Ian W Holloway,@luskin.ucla.edu,"Professor of Social Welfare, University of California, Los Angeles",4527,https://luskin.ucla.edu/person/ian-w-holloway,zTkV44sAAAAJ,3241,34,32,80,72,185,,,2023/12/21 15:39,54,206,institution,2015-08-08,2015-08-08,2015-08-08,Ian W Holloway
149.0,149.0,55.0,,"Paul E. Kilgore, MPH, MD, FACP",@wayne.edu,"Professor, Wayne State University, Detroit, Michigan, USA",21324,https://cphs.wayne.edu/profile/dr4775,9HFuGBMAAAAJ,16623,51,29,121,77,220,,"epidemiology, global health, infection, mobile health, vaccines, ",2023/12/21 15:40,55,208,institution,2015-08-08,2015-08-08,2015-08-08,"Paul E. Kilgore, MPH, MD, FACP"
150.0,150.0,56.0,,Dana B Mukamel,@uci.edu,"Professor, University of California, Irvine",12573,,zes_jIUAAAAJ,5120,64,37,191,128,339,,"quality of care, quality report cards, long term care, health services research, health economics, ",2023/12/21 15:40,56,213,institution,2015-08-08,2015-08-08,2015-08-08,Dana B Mukamel
151.0,151.0,57.0,,Priscilla Onuabuchi Okunji,@howard.edu,Howard University,165,http://www.linkedin.com/in/priscillaokunjiphd,aml6jZ4AAAAJ,103,7,5,5,2,45,,"informatics, cardiovascular, diabetes, technology, ",2023/12/21 15:40,57,215,institution,2015-08-08,2015-08-08,2015-08-08,Priscilla Onuabuchi Okunji
152.0,152.0,58.0,,Jagan Pillai,@ccf.org,"Associate Professor,  Cleveland Clinic Lerner College of Medicine",1459,,YrqH-10AAAAJ,1059,19,18,29,26,113,,"Cognitive  Neurology, Alzheimers disease, Neurodegenerative diseases, ",2023/12/21 15:40,58,216,institution,2015-08-08,2015-08-08,2015-08-08,Jagan Pillai
153.0,153.0,61.0,,Parya Saberi,@ucsf.edu,"University of California, San Francisco",2204,,RO3xsEAAAAAJ,1635,24,23,54,54,116,,"HIV, SARS-CoV-2, PrEP, technology, ",2023/12/21 15:41,61,221,institution,2015-08-08,2015-08-08,2015-08-08,Parya Saberi
154.0,154.0,62.0,,Bin Xie,@cgu.edu,Claremont Graduate University,6644,http://www.cgu.edu/pages/8423.asp,#NAME?,2654,45,29,77,65,179,,"Health Behavioral Epidemiology and Intervention, Statistical Application in Prevention Research, Obesity and related Research, ",2023/12/21 15:41,62,224,institution,2015-08-08,2015-08-08,2015-08-08,Bin Xie
155.0,155.0,0.0,0.0,Kah Poh Loh,@urmc.rochester.edu,University of Rochester Meeical Center,4317,https://www.urmc.rochester.edu/labs/geriatric-oncology.aspx,sucIoCoAAAAJ,3976,35,34,92,85,336,,"Hematology, Oncology, Geriatrcs, ",2024/1/12 4:03,0,4,manual,2022-07-25,2022-07-25,2022-07-25,Kah Poh Loh
156.0,156.0,1.0,0.0,Nik Allan,@osumc.edu,The Ohio State University,5769,,rBBKN-MAAAAJ,4162,42,36,107,100,175,,"Transdiagnostic risk factors for mood, anxiety disorders & PTSD, anxiety sensitivity, intolerance of uncertainty, quantitative m, ",2024/1/12 4:42,1,31,manual,2021-07-26,2021-07-26,2021-07-26,Nik Allan
157.0,157.0,2.0,0.0,Linda Valeri,@cumc.columbia.edu,"Assistant Professor of Biostatistics, Columbia University",6312,http://www.lindavaleri.com/,4KQw3hYAAAAJ,5132,32,30,61,58,117,,"Causal Inference, Biostatistics, Psychiatric Epidemiology, Environmental Health, Health Disparities, ",2024/1/12 5:01,2,59,manual,2021-07-26,2021-07-26,2021-07-26,Linda Valeri
158.0,158.0,3.0,0.0,Stephanie M Carpenter,@asu.edu,Arizona State University,676,https://www.stephaniemaritacarpenter.com/,D61rDpwAAAAJ,386,9,9,9,9,31,,"affect, emotion, engagement, decision making, adaptive intervention optimization, ",2024/1/12 5:14,3,66,manual,2019-07-26,2019-07-26,2019-07-26,Stephanie M Carpenter
159.0,159.0,4.0,0.0,Y. Alicia Hong,@gmu.edu,"Professor of Health Administration and Policy, George Mason University",5217,https://hap.gmu.edu/profiles/yhong22,AivbJ9EAAAAJ,2314,46,27,89,66,145,,"digital behavioral intervention, chronic self-care, caregiving, patient-provider communication, ",2024/1/12 5:18,4,73,manual,2019-07-26,2019-07-26,2019-07-26,Y. Alicia Hong
160.0,160.0,5.0,0.0,Honghuang Lin,@umassmed.edu,"Professor, University of Massachusetts Medical School",16229,https://profiles.umassmed.edu/display/28733747,FPN4brIAAAAJ,11499,58,47,156,134,320,,"Bioinformatics, genomics, machine learning, ",2024/1/12 5:34,5,80,manual,2019-07-26,2019-07-26,2019-07-26,Honghuang Lin
161.0,161.0,6.0,0.0,B O Mainsah,@duke.edu,Duke University,252,,CJb_KEUAAAAJ,138,8,7,6,2,46,,,2024/1/12 6:12,6,82,manual,2019-07-26,2019-07-26,2019-07-26,B O Mainsah
162.0,162.0,7.0,0.0,H. Shonna Yin,@med.nyu.edu,NYU School of Medicine,5313,,x6A6GN8AAAAJ,3272,39,33,68,67,121,,"health literacy, ",2024/1/12 6:17,7,90,manual,2019-07-26,2019-07-26,2019-07-26,H. Shonna Yin
163.0,163.0,8.0,0.0,Maia Jacobs,@northwestern.edu,Northwestern University,808,,014yACkAAAAJ,665,15,13,16,14,39,,"HCI, Human Centered Computing, Ubiquitous Computing, Health Informatics, ",2024/1/12 11:27,8,108,manual,2018-07-30,2018-07-30,2018-07-30,Maia Jacobs
164.0,164.0,9.0,0.0,Ryan Bailey,@health.utah.edu,University of Utah,1947,,d6jCntYAAAAJ,1431,17,17,22,22,54,,"stroke, diabetes, obesity, health behavior, health promotion, ",2024/1/12 11:31,9,126,manual,2017-08-06,2017-08-06,2017-08-06,Ryan Bailey
165.0,165.0,10.0,0.0,"Thomas D. Parsons, PhD",@asu.edu,"Grace Center Endowed Professor of Innovation, Arizona State University",14154,https://search.asu.edu/profile/4406281,pG-NfsYAAAAJ,6184,59,38,186,120,421,,"Extended Reality, Digital Psychology, Affective Computing, Clinical Neuropsychology, Digital Ethics, ",2024/1/12 11:35,10,141,manual,2017-08-06,2017-08-06,2017-08-06,"Thomas D. Parsons, PhD"
166.0,166.0,11.0,0.0,R. Jay Widmer,@BSWHealth.org,"Baylor Scott and White, Central TX",4410,,ZvKb0hcAAAAJ,3294,27,24,50,43,167,,"Cardiovascular Disease, mHealth, microcirculation, ",2024/1/12 12:16,11,150,manual,2017-08-06,2017-08-06,2017-08-06,R. Jay Widmer
167.0,167.0,12.0,0.0,Philip Chow,@illinois.edu,Unknown affiliation,2545,,ongVzPEAAAAJ,2141,22,20,44,37,94,,,2024/1/12 12:32,12,161,manual,2016-08-08,2016-08-08,2016-08-08,Philip Chow
168.0,168.0,13.0,0.0,Archana Krishnan,@albany.edu,"Associate Professor of Communication, State University of New York at Albany",1115,https://www.albany.edu/communication/faculty/archana-krishnan,Em3IH5UAAAAJ,644,16,15,19,17,39,,"Computer-mediated communication, Social and digital media, Health communication, mHealth, ",2024/1/12 12:40,13,173,manual,2016-08-08,2016-08-08,2016-08-08,Archana Krishnan
169.0,169.0,14.0,0.0,Christine Vinci,@moffitt.org,Moffitt Cancer Center,1466,,Aypz2kMAAAAJ,1061,22,20,33,29,82,,,2024/1/12 12:44,14,189,manual,2016-08-08,2016-08-08,2016-08-08,Christine Vinci
170.0,170.0,15.0,0.0,Eun Kyoung Choe,@umd.edu,University of Maryland,4488,https://terpconnect.umd.edu/~choe/,YjSJWqkAAAAJ,3040,31,30,50,46,90,,"Human-Computer Interaction, UbiComp, Health Informatics, Personal Informatics, ",2024/1/12 12:51,15,196,manual,2015-08-08,2015-08-08,2015-08-08,Eun Kyoung Choe
,,,,"David Do, MD",@uphs.upenn.edu,University of Pennsylvania,949,http://daviddo.me/,UyxchOoAAAAJ,675,12,11,14,12,37,,"Neurology, Informatics, ",2024-03-06 00:29:00,0,166,,,,,"David Do, MD"
,,,,Marta Jankowska,@coh.org,"Beckman Research Institute, City of Hope",1822,,hvnoRg8AAAAJ,1302,20,19,35,33,113,,"GIScience, mHealth, Health Disparities, Systems Epidemiology, Sensors, ",2024-03-06 00:31:16,1,169,,,,,Marta Jankowska
,,,,Quyen Ngo,@umich.edu,"Research Assistant Professor, University of Michigan",1092,,QY2Z4LEAAAAJ,673,21,18,24,22,71,,"violence, substance use, substance abuse, dating violence, aggression, ",2024-03-06 00:38:13,2,201,,,,,Quyen Ngo
,,,,Ting Zhu,@osu.edu,"Associate Professor, Computer Science and Engineering, the Ohio State University",6090,,BXp6PIIAAAAJ,3493,42,31,122,103,208,,"Networks, Systems, Energy, Big Data, Security, ",2024-03-06 00:42:54,3,224,,,,,Ting Zhu
,,,,Michelle L. Redmond,@kumc.edu,Associate Professor,256,https://www.kumc.edu/school-of-medicine/campuses/wichita/academics/population-health.html,b_fW1QwAAAAJ,165,10,9,10,9,26,,"Health disparities, digital interventions, substance use, women's health, ",2024-03-06 00:56:20,4,54,,,,,Michelle L. Redmond
,,,,Angela B. Smith,@med.unc.edu,Professor of Urology,7245,,La-zXp4AAAAJ,4321,42,36,101,87,220,,"patient-reported outcomes, mobile health, urology, bladder cancer, ",2024-03-06 00:58:15,5,146,,,,,Angela B. Smith
,,,,Collaborative Design for Recovery and Health,@Dartmouth.edu,Academia,2913,http://collabrh.org/,KFEhL_UAAAAJ,2724,29,28,66,64,171,,"http://collabrh.org/, ",2024-03-06 01:12:16,6,190,,,,,Collaborative Design for Recovery and Health
,,,,James Clawson,@indiana.edu,Assistant Professor - Indiana University,2093,http://jamesclawson.com/,7Z-F_AoAAAAJ,939,21,16,32,17,61,,"Human Computer Interaction and Human-Centered Computing, Personal Health Informatics, Ubiquitous Computing, Healthcare Journeys, ",2024-03-06 01:23:34,7,197,,,,,James Clawson
